id;title;writer;performer;length;soundtrack;track_number;url
cdc1c518-b5ad-4152-8f45-8731df2796da;Handmade Hat;Buckinghamshire;ROI;89059;Ergonomic;28659;http://bryana.com
17405a19-a241-43bd-8123-fce1b7bbe505;Berkshire Street;Steel Facilitator;Turnpike forecast hub;61711;Mozambique New;98071;https://ted.info
6e06fa0b-0dd1-46a7-9504-2a371b953d5c;matrix toolset;firewall;National;26985;Quality Granite;75809;http://miracle.com
5a82e5ea-febc-458d-878c-043eed224e08;Account multi-byte;North payment revolutionary;Grass-roots Monitored Soft;27750;Court Radial;47827;http://emmitt.com
ddb7adb0-dc88-4d53-986a-6faa68c36a75;tan innovative;Pants virtual connect;Avon Account;40976;Cambridgeshire;45534;https://joany.com
06aba622-eb93-4835-8467-fe5149722e1a;Granite;Dynamic Incredible;Dollar hard withdrawal;25719;proactive Licensed;62615;https://miller.biz
8e458c75-ae8d-4f10-8eee-f354adcda5f0;Madagascar sensor;Kids Cheese;Practical Berkshire;88797;Account;38846;http://fleta.net
24946338-9c8e-42a7-ac5e-6bb5edcd1b40;calculate extensible Maryland;bypass;National Station;22309;Tasty invoice success;99239;http://leola.info
40dd98a9-8529-485a-ac49-065e0593a3b0;Grocery Home;Borders Checking Multi-channelled;Dynamic users;10252;Exclusive silver THX;66633;http://nina.org
bfa4444f-f3f8-4d9c-8ce0-ac8a68f39429;program Bedfordshire Martinique;open-source product;strategic Villages Buckinghamshire;5451;Cotton;43671;https://jermain.info
